source_investor,source_folio,source_isin,units_to_redeem,pct_of_folio_holding,target_investor,target_folio,target_isin,target_slice,purpose,execution_instruction
Amma,10391853 / 47,INF109K01BL4,3389.183,74.166730,Amma,11002736,INF879O01027,slice-1,Edu_B,Redeem 3389.183 units from Folio 10391853 / 47 (INF109K01BL4) and reinvest net proceeds into INF879O01027 under Amma (11002736) for Edu_B
Amma,10391853 / 47,INF109K01BL4,1180.498,25.833270,Appanna,11002746,INF879O01027,slice-1,Edu_B,Redeem 1180.498 units from Folio 10391853 / 47 (INF109K01BL4) and reinvest net proceeds into INF879O01027 under Appanna (11002746) for Edu_B
Amma,12799161 / 64,INF179K01608,303.000,100.000000,Amma,11002736,INF879O01027,slice-5,Retirement,Redeem 303.000 units from Folio 12799161 / 64 (INF179K01608) and reinvest net proceeds into INF879O01027 under Amma (11002736) for Retirement
Amma,15034009 / 63,INF179K01426,85.866,10.037911,Amma,11002736,INF879O01027,slice-4,Marriage,Redeem 85.866 units from Folio 15034009 / 63 (INF179K01426) and reinvest net proceeds into INF879O01027 under Amma (11002736) for Marriage
Amma,15034009 / 63,INF179K01426,67.407,7.880016,Amma,4641557,INF174K01LT0,slice-1,Retirement,Redeem 67.407 units from Folio 15034009 / 63 (INF179K01426) and reinvest net proceeds into INF174K01LT0 under Amma (4641557) for Retirement
Amma,15034009 / 63,INF179K01426,19.676,2.300164,Amma,51025894395 / 0,INF966L01887,slice-4,Marriage,Redeem 19.676 units from Folio 15034009 / 63 (INF179K01426) and reinvest net proceeds into INF966L01887 under Amma (51025894395 / 0) for Marriage
Amma,15034009 / 63,INF179K01426,328.235,38.371347,Appanna,11002746,INF879O01027,slice-5,Retirement,Redeem 328.235 units from Folio 15034009 / 63 (INF179K01426) and reinvest net proceeds into INF879O01027 under Appanna (11002746) for Retirement
Amma,15034009 / 63,INF179K01426,19.676,2.300164,Appanna,51025826366 / 0,INF966L01887,slice-4,Marriage,Redeem 19.676 units from Folio 15034009 / 63 (INF179K01426) and reinvest net proceeds into INF966L01887 under Appanna (51025826366 / 0) for Marriage
Amma,15034009 / 63,INF179K01426,334.557,39.110398,Appanna,NEW_FOLIO_1,INF174K01LT0,slice-1,Retirement,Redeem 334.557 units from Folio 15034009 / 63 (INF179K01426) and reinvest net proceeds into INF174K01LT0 under Appanna (NEW_FOLIO_1) for Retirement
Amma,4641557,INF174K01187,53.124,3.341804,Amma,11002736,INF879O01027,slice-2,Home_Loan,Redeem 53.124 units from Folio 4641557 (INF174K01187) and reinvest net proceeds into INF879O01027 under Amma (11002736) for Home_Loan
Amma,4641557,INF174K01187,73.201,4.604767,Amma,11002736,INF879O01027,slice-3,Kutti,Redeem 73.201 units from Folio 4641557 (INF174K01187) and reinvest net proceeds into INF879O01027 under Amma (11002736) for Kutti
Amma,4641557,INF174K01187,267.169,16.806464,Amma,13393503,INF879O01100,slice-1,Edu_B,Redeem 267.169 units from Folio 4641557 (INF174K01187) and reinvest net proceeds into INF879O01100 under Amma (13393503) for Edu_B
Amma,4641557,INF174K01187,86.335,5.430967,Amma,51025894395 / 0,INF966L01887,slice-1,Edu_B,Redeem 86.335 units from Folio 4641557 (INF174K01187) and reinvest net proceeds into INF966L01887 under Amma (51025894395 / 0) for Edu_B
Amma,4641557,INF174K01187,3.542,0.222812,Amma,51025894395 / 0,INF966L01887,slice-2,Home_Loan,Redeem 3.542 units from Folio 4641557 (INF174K01187) and reinvest net proceeds into INF966L01887 under Amma (51025894395 / 0) for Home_Loan
Amma,4641557,INF174K01187,675.161,42.471503,Appanna,11002746,INF879O01027,slice-1,Edu_B,Redeem 675.161 units from Folio 4641557 (INF174K01187) and reinvest net proceeds into INF879O01027 under Appanna (11002746) for Edu_B
Amma,4641557,INF174K01187,53.124,3.341804,Appanna,11002746,INF879O01027,slice-2,Home_Loan,Redeem 53.124 units from Folio 4641557 (INF174K01187) and reinvest net proceeds into INF879O01027 under Appanna (11002746) for Home_Loan
Amma,4641557,INF174K01187,288.147,18.126100,Appanna,13394210,INF879O01100,slice-1,Edu_B,Redeem 288.147 units from Folio 4641557 (INF174K01187) and reinvest net proceeds into INF879O01100 under Appanna (13394210) for Edu_B
Amma,4641557,INF174K01187,86.335,5.430967,Appanna,51025826366 / 0,INF966L01887,slice-1,Edu_B,Redeem 86.335 units from Folio 4641557 (INF174K01187) and reinvest net proceeds into INF966L01887 under Appanna (51025826366 / 0) for Edu_B
Amma,4641557,INF174K01187,3.542,0.222812,Appanna,51025826366 / 0,INF966L01887,slice-2,Home_Loan,Redeem 3.542 units from Folio 4641557 (INF174K01187) and reinvest net proceeds into INF966L01887 under Appanna (51025826366 / 0) for Home_Loan
Amma,4641557,INF174K01KT2,295.197,20.106582,Amma,11002736,INF879O01027,slice-3,Kutti,Redeem 295.197 units from Folio 4641557 (INF174K01KT2) and reinvest net proceeds into INF879O01027 under Amma (11002736) for Kutti
Amma,4641557,INF174K01KT2,35.925,2.446938,Amma,11002736,INF879O01027,slice-4,Marriage,Redeem 35.925 units from Folio 4641557 (INF174K01KT2) and reinvest net proceeds into INF879O01027 under Amma (11002736) for Marriage
Amma,4641557,INF174K01KT2,24.911,1.696748,Amma,51025894395 / 0,INF966L01887,slice-3,Kutti,Redeem 24.911 units from Folio 4641557 (INF174K01KT2) and reinvest net proceeds into INF966L01887 under Amma (51025894395 / 0) for Kutti
Amma,4641557,INF174K01KT2,373.669,25.451500,Appanna,11002746,INF879O01027,slice-3,Kutti,Redeem 373.669 units from Folio 4641557 (INF174K01KT2) and reinvest net proceeds into INF879O01027 under Appanna (11002746) for Kutti
Amma,4641557,INF174K01KT2,713.548,48.601484,Appanna,11002746,INF879O01027,slice-4,Marriage,Redeem 713.548 units from Folio 4641557 (INF174K01KT2) and reinvest net proceeds into INF879O01027 under Appanna (11002746) for Marriage
Amma,4641557,INF174K01KT2,24.911,1.696748,Appanna,51025826366 / 0,INF966L01887,slice-3,Kutti,Redeem 24.911 units from Folio 4641557 (INF174K01KT2) and reinvest net proceeds into INF966L01887 under Appanna (51025826366 / 0) for Kutti
Amma,4641557,INF174K01LS2,1595.374,100.000000,Amma,11002736,INF879O01027,slice-4,Marriage,Redeem 1595.374 units from Folio 4641557 (INF174K01LS2) and reinvest net proceeds into INF879O01027 under Amma (11002736) for Marriage
Amma,51025894385 / 0,INF966L01986,247.945,21.225223,Amma,51025894395 / 0,INF966L01887,slice-5,Retirement,Redeem 247.945 units from Folio 51025894385 / 0 (INF966L01986) and reinvest net proceeds into INF966L01887 under Amma (51025894395 / 0) for Retirement
Amma,51025894385 / 0,INF966L01986,412.972,35.352290,Appanna,51025826366 / 0,INF966L01887,slice-5,Retirement,Redeem 412.972 units from Folio 51025894385 / 0 (INF966L01986) and reinvest net proceeds into INF966L01887 under Appanna (51025826366 / 0) for Retirement
Amma,51025894406 / 0,INF966L01911,5100.480,100.000000,Amma,11002736,INF879O01027,slice-5,Retirement,Redeem 5100.480 units from Folio 51025894406 / 0 (INF966L01911) and reinvest net proceeds into INF879O01027 under Amma (11002736) for Retirement
Amma,51026416556 / 0,INF966L01689,1832.970,100.000000,Appanna,11002746,INF879O01027,slice-5,Retirement,Redeem 1832.970 units from Folio 51026416556 / 0 (INF966L01689) and reinvest net proceeds into INF879O01027 under Appanna (11002746) for Retirement
Amma,51056055031 / 0,INF966L01911,4876.501,100.000000,Appanna,11002746,INF879O01027,slice-5,Retirement,Redeem 4876.501 units from Folio 51056055031 / 0 (INF966L01911) and reinvest net proceeds into INF879O01027 under Appanna (11002746) for Retirement
Amma,51058356031 / 0,INF966L01689,232.741,100.000000,Amma,11002736,INF879O01027,slice-5,Retirement,Redeem 232.741 units from Folio 51058356031 / 0 (INF966L01689) and reinvest net proceeds into INF879O01027 under Amma (11002736) for Retirement
Amma,79925703934 / 0,INF769K01DM9,8614.371,100.000000,Amma,11002736,INF879O01027,slice-5,Retirement,Redeem 8614.371 units from Folio 79925703934 / 0 (INF769K01DM9) and reinvest net proceeds into INF879O01027 under Amma (11002736) for Retirement
Amma,9106204444 / 0,INF663L01DV3,2765.885,100.000000,Appanna,11002746,INF879O01027,slice-5,Retirement,Redeem 2765.885 units from Folio 9106204444 / 0 (INF663L01DV3) and reinvest net proceeds into INF879O01027 under Appanna (11002746) for Retirement
Amma,9106205012 / 0,INF663L01DV3,1676.960,100.000000,Amma,11002736,INF879O01027,slice-5,Retirement,Redeem 1676.960 units from Folio 9106205012 / 0 (INF663L01DV3) and reinvest net proceeds into INF879O01027 under Amma (11002736) for Retirement
Appanna,3537092 / 39,INF179K01608,460.830,100.000000,Amma,11002736,INF879O01027,slice-5,Retirement,Redeem 460.830 units from Folio 3537092 / 39 (INF179K01608) and reinvest net proceeds into INF879O01027 under Amma (11002736) for Retirement
Appanna,51025826356 / 0,INF966L01986,277.566,24.949438,Amma,11002736,INF879O01027,slice-6,Stitch,Redeem 277.566 units from Folio 51025826356 / 0 (INF966L01986) and reinvest net proceeds into INF879O01027 under Amma (11002736) for Stitch
Appanna,51025826356 / 0,INF966L01986,52.270,4.698367,Amma,51025894395 / 0,INF966L01887,slice-5,Retirement,Redeem 52.270 units from Folio 51025826356 / 0 (INF966L01986) and reinvest net proceeds into INF966L01887 under Amma (51025894395 / 0) for Retirement
Appanna,51025826356 / 0,INF966L01986,18.504,1.663259,Amma,51025894395 / 0,INF966L01887,slice-6,Stitch,Redeem 18.504 units from Folio 51025826356 / 0 (INF966L01986) and reinvest net proceeds into INF966L01887 under Amma (51025894395 / 0) for Stitch
Appanna,51025826356 / 0,INF966L01986,277.566,24.949438,Appanna,11002746,INF879O01027,slice-6,Stitch,Redeem 277.566 units from Folio 51025826356 / 0 (INF966L01986) and reinvest net proceeds into INF879O01027 under Appanna (11002746) for Stitch
Appanna,51025826356 / 0,INF966L01986,18.504,1.663264,Appanna,51025826366 / 0,INF966L01887,slice-6,Stitch,Redeem 18.504 units from Folio 51025826356 / 0 (INF966L01986) and reinvest net proceeds into INF966L01887 under Appanna (51025826366 / 0) for Stitch
Appanna,51025826376 / 0,INF966L01911,4659.108,100.000000,Appanna,11002746,INF879O01027,slice-5,Retirement,Redeem 4659.108 units from Folio 51025826376 / 0 (INF966L01911) and reinvest net proceeds into INF879O01027 under Appanna (11002746) for Retirement
Appanna,51026416621 / 0,INF966L01689,1832.970,100.000000,Appanna,11002746,INF879O01027,slice-5,Retirement,Redeem 1832.970 units from Folio 51026416621 / 0 (INF966L01689) and reinvest net proceeds into INF879O01027 under Appanna (11002746) for Retirement
Appanna,51042397805 / 0,INF966L01614,17.832,100.000000,Amma,11002736,INF879O01027,slice-5,Retirement,Redeem 17.832 units from Folio 51042397805 / 0 (INF966L01614) and reinvest net proceeds into INF879O01027 under Amma (11002736) for Retirement
Appanna,51056055041 / 0,INF966L01911,4522.366,92.737928,Amma,11002736,INF879O01027,slice-5,Retirement,Redeem 4522.366 units from Folio 51056055041 / 0 (INF966L01911) and reinvest net proceeds into INF879O01027 under Amma (11002736) for Retirement
Appanna,51056055041 / 0,INF966L01911,354.135,7.262072,Amma,51025894395 / 0,INF966L01887,slice-5,Retirement,Redeem 354.135 units from Folio 51056055041 / 0 (INF966L01911) and reinvest net proceeds into INF966L01887 under Amma (51025894395 / 0) for Retirement
Appanna,51058356011 / 0,INF966L01689,209.076,100.000000,Appanna,11002746,INF879O01027,slice-5,Retirement,Redeem 209.076 units from Folio 51058356011 / 0 (INF966L01689) and reinvest net proceeds into INF879O01027 under Appanna (11002746) for Retirement
Appanna,9106204455 / 0,INF663L01DV3,163.425,5.421338,Amma,11002736,INF879O01027,slice-5,Retirement,Redeem 163.425 units from Folio 9106204455 / 0 (INF663L01DV3) and reinvest net proceeds into INF879O01027 under Amma (11002736) for Retirement
Appanna,9106204455 / 0,INF663L01DV3,2851.052,94.578662,Appanna,11002746,INF879O01027,slice-5,Retirement,Redeem 2851.052 units from Folio 9106204455 / 0 (INF663L01DV3) and reinvest net proceeds into INF879O01027 under Appanna (11002746) for Retirement
